id,latency,start,end,client
0,97.740234375,1649934875475.0999,1649934875572.84,ThreadPoolExecutor-55_0
1,114.693359375,1649934875476.0981,1649934875590.7915,ThreadPoolExecutor-55_1
2,68.81494140625,1649934875572.84,1649934875641.655,ThreadPoolExecutor-55_0
3,80.785400390625,1649934875590.7915,1649934875671.577,ThreadPoolExecutor-55_1
4,31.91455078125,1649934875641.655,1649934875673.5696,ThreadPoolExecutor-55_0
5,72.3115234375,1649934875671.577,1649934875743.8884,ThreadPoolExecutor-55_1
6,70.31884765625,1649934875673.5696,1649934875743.8884,ThreadPoolExecutor-55_0
7,39.893798828125,1649934875743.8884,1649934875783.7822,ThreadPoolExecutor-55_1
8,38.896240234375,1649934875744.886,1649934875783.7822,ThreadPoolExecutor-55_0
9,65.828857421875,1649934875783.7822,1649934875849.611,ThreadPoolExecutor-55_0
10,66.82373046875,1649934875783.7822,1649934875850.606,ThreadPoolExecutor-55_1
11,45.875732421875,1649934875850.606,1649934875896.4817,ThreadPoolExecutor-55_0
12,47.8701171875,1649934875850.606,1649934875898.476,ThreadPoolExecutor-55_1
13,81.79296875,1649934875898.476,1649934875980.269,ThreadPoolExecutor-55_1
14,84.782470703125,1649934875896.4817,1649934875981.2642,ThreadPoolExecutor-55_0
15,71.804931640625,1649934875980.269,1649934876052.074,ThreadPoolExecutor-55_1
16,70.809814453125,1649934875981.2642,1649934876052.074,ThreadPoolExecutor-55_0
17,36.901123046875,1649934876052.074,1649934876088.975,ThreadPoolExecutor-55_0
18,37.897705078125,1649934876052.074,1649934876089.9717,ThreadPoolExecutor-55_1
19,67.509033203125,1649934876089.9717,1649934876157.4807,ThreadPoolExecutor-55_1
20,67.509033203125,1649934876089.9717,1649934876157.4807,ThreadPoolExecutor-55_0
21,45.87060546875,1649934876157.4807,1649934876203.3513,ThreadPoolExecutor-55_1
22,45.87060546875,1649934876157.4807,1649934876203.3513,ThreadPoolExecutor-55_0
23,86.341552734375,1649934876203.3513,1649934876289.6929,ThreadPoolExecutor-55_0
24,88.333740234375,1649934876203.3513,1649934876291.685,ThreadPoolExecutor-55_1
25,69.525390625,1649934876289.6929,1649934876359.2183,ThreadPoolExecutor-55_0
26,67.533203125,1649934876291.685,1649934876359.2183,ThreadPoolExecutor-55_1
27,38.89501953125,1649934876359.2183,1649934876398.1133,ThreadPoolExecutor-55_1
28,42.884521484375,1649934876359.2183,1649934876402.1028,ThreadPoolExecutor-55_0
29,63.136962890625,1649934876398.1133,1649934876461.2502,ThreadPoolExecutor-55_1
30,59.1474609375,1649934876402.1028,1649934876461.2502,ThreadPoolExecutor-55_0
31,37.89990234375,1649934876461.2502,1649934876499.1501,ThreadPoolExecutor-55_1
32,39.891357421875,1649934876461.2502,1649934876501.1416,ThreadPoolExecutor-55_0
33,65.82373046875,1649934876499.1501,1649934876564.9739,ThreadPoolExecutor-55_1
34,63.832275390625,1649934876501.1416,1649934876564.9739,ThreadPoolExecutor-55_0
35,101.725341796875,1649934876564.9739,1649934876666.6992,ThreadPoolExecutor-55_1
36,101.725341796875,1649934876564.9739,1649934876666.6992,ThreadPoolExecutor-55_0
37,37.898193359375,1649934876666.6992,1649934876704.5974,ThreadPoolExecutor-55_1
38,37.898193359375,1649934876666.6992,1649934876704.5974,ThreadPoolExecutor-55_0
39,63.830078125,1649934876704.5974,1649934876768.4275,ThreadPoolExecutor-55_1
40,63.830078125,1649934876704.5974,1649934876768.4275,ThreadPoolExecutor-55_0
41,34.90771484375,1649934876768.4275,1649934876803.3352,ThreadPoolExecutor-55_0
42,37.89990234375,1649934876768.4275,1649934876806.3274,ThreadPoolExecutor-55_1
43,67.817626953125,1649934876803.3352,1649934876871.1528,ThreadPoolExecutor-55_0
44,64.825439453125,1649934876806.3274,1649934876871.1528,ThreadPoolExecutor-55_1
45,34.90625,1649934876871.1528,1649934876906.059,ThreadPoolExecutor-55_0
46,35.903564453125,1649934876871.1528,1649934876907.0564,ThreadPoolExecutor-55_1
47,65.82421875,1649934876907.0564,1649934876972.8806,ThreadPoolExecutor-55_1
48,66.821533203125,1649934876906.059,1649934876972.8806,ThreadPoolExecutor-55_0
49,38.89990234375,1649934876972.8806,1649934877011.7805,ThreadPoolExecutor-55_1
50,38.89990234375,1649934876972.8806,1649934877011.7805,ThreadPoolExecutor-55_0
51,97.736083984375,1649934877011.7805,1649934877109.5166,ThreadPoolExecutor-55_1
52,97.736083984375,1649934877011.7805,1649934877109.5166,ThreadPoolExecutor-55_0
53,69.812255859375,1649934877109.5166,1649934877179.3289,ThreadPoolExecutor-55_1
54,69.812255859375,1649934877109.5166,1649934877179.3289,ThreadPoolExecutor-55_0
55,39.89599609375,1649934877179.3289,1649934877219.2249,ThreadPoolExecutor-55_0
56,40.89013671875,1649934877179.3289,1649934877220.219,ThreadPoolExecutor-55_1
57,62.83544921875,1649934877220.219,1649934877283.0544,ThreadPoolExecutor-55_1
58,64.827392578125,1649934877219.2249,1649934877284.0522,ThreadPoolExecutor-55_0
59,46.87060546875,1649934877284.0522,1649934877330.9229,ThreadPoolExecutor-55_1
60,46.87060546875,1649934877284.0522,1649934877330.9229,ThreadPoolExecutor-55_0
61,100.73193359375,1649934877330.9229,1649934877431.6548,ThreadPoolExecutor-55_1
62,99.73486328125,1649934877331.92,1649934877431.6548,ThreadPoolExecutor-55_0
63,92.92041015625,1649934877431.6548,1649934877524.5752,ThreadPoolExecutor-55_0
64,92.92041015625,1649934877431.6548,1649934877524.5752,ThreadPoolExecutor-55_1
65,92.75244140625,1649934877524.5752,1649934877617.3276,ThreadPoolExecutor-55_1
66,99.735595703125,1649934877524.5752,1649934877624.3108,ThreadPoolExecutor-55_0
67,80.78662109375,1649934877617.3276,1649934877698.1143,ThreadPoolExecutor-55_1
68,73.803466796875,1649934877624.3108,1649934877698.1143,ThreadPoolExecutor-55_0
69,95.74365234375,1649934877698.1143,1649934877793.858,ThreadPoolExecutor-55_0
70,95.74365234375,1649934877698.1143,1649934877793.858,ThreadPoolExecutor-55_1
71,42.886474609375,1649934877793.858,1649934877836.7444,ThreadPoolExecutor-55_1
72,44.880859375,1649934877793.858,1649934877838.7388,ThreadPoolExecutor-55_0
73,89.290771484375,1649934877836.7444,1649934877926.0352,ThreadPoolExecutor-55_1
74,87.29638671875,1649934877838.7388,1649934877926.0352,ThreadPoolExecutor-55_0
75,82.455078125,1649934877926.0352,1649934878008.4902,ThreadPoolExecutor-55_0
76,83.4501953125,1649934877926.0352,1649934878009.4854,ThreadPoolExecutor-55_1
77,92.64013671875,1649934878008.4902,1649934878101.1304,ThreadPoolExecutor-55_0
78,91.64501953125,1649934878009.4854,1649934878101.1304,ThreadPoolExecutor-55_1
79,41.88818359375,1649934878101.1304,1649934878143.0186,ThreadPoolExecutor-55_1
80,43.883056640625,1649934878101.1304,1649934878145.0134,ThreadPoolExecutor-55_0
81,67.81982421875,1649934878145.0134,1649934878212.8333,ThreadPoolExecutor-55_0
82,69.814697265625,1649934878143.0186,1649934878212.8333,ThreadPoolExecutor-55_1
83,100.730224609375,1649934878212.8333,1649934878313.5635,ThreadPoolExecutor-55_1
84,100.730224609375,1649934878212.8333,1649934878313.5635,ThreadPoolExecutor-55_0
85,107.711181640625,1649934878313.5635,1649934878421.2747,ThreadPoolExecutor-55_0
86,107.711181640625,1649934878313.5635,1649934878421.2747,ThreadPoolExecutor-55_1
87,95.74365234375,1649934878421.2747,1649934878517.0183,ThreadPoolExecutor-55_0
88,95.74365234375,1649934878421.2747,1649934878517.0183,ThreadPoolExecutor-55_1
89,43.882568359375,1649934878517.0183,1649934878560.901,ThreadPoolExecutor-55_0
90,43.882568359375,1649934878517.0183,1649934878560.901,ThreadPoolExecutor-55_1
91,88.762939453125,1649934878560.901,1649934878649.6638,ThreadPoolExecutor-55_0
92,160.571044921875,1649934878560.901,1649934878721.472,ThreadPoolExecutor-55_1
93,71.80810546875,1649934878649.6638,1649934878721.472,ThreadPoolExecutor-55_0
94,42.885498046875,1649934878721.472,1649934878764.3574,ThreadPoolExecutor-55_1
95,103.72314453125,1649934878721.472,1649934878825.195,ThreadPoolExecutor-55_0
96,80.782958984375,1649934878764.3574,1649934878845.1404,ThreadPoolExecutor-55_1
97,37.8984375,1649934878825.195,1649934878863.0935,ThreadPoolExecutor-55_0
98,82.781005859375,1649934878845.1404,1649934878927.9214,ThreadPoolExecutor-55_1
99,64.827880859375,1649934878863.0935,1649934878927.9214,ThreadPoolExecutor-55_0
100,101.726318359375,1649934878927.9214,1649934879029.6477,ThreadPoolExecutor-55_0
101,101.726318359375,1649934878927.9214,1649934879029.6477,ThreadPoolExecutor-55_1
102,40.40625,1649934879029.6477,1649934879070.054,ThreadPoolExecutor-55_1
103,40.40625,1649934879029.6477,1649934879070.054,ThreadPoolExecutor-55_0
104,90.755615234375,1649934879070.054,1649934879160.8096,ThreadPoolExecutor-55_0
105,90.755615234375,1649934879070.054,1649934879160.8096,ThreadPoolExecutor-55_1
106,73.803466796875,1649934879160.8096,1649934879234.613,ThreadPoolExecutor-55_0
107,73.803466796875,1649934879160.8096,1649934879234.613,ThreadPoolExecutor-55_1
108,103.722900390625,1649934879234.613,1649934879338.336,ThreadPoolExecutor-55_0
109,103.722900390625,1649934879234.613,1649934879338.336,ThreadPoolExecutor-55_1
110,99.908935546875,1649934879338.336,1649934879438.2449,ThreadPoolExecutor-55_1
111,100.9072265625,1649934879338.336,1649934879439.2432,ThreadPoolExecutor-55_0
112,41.887451171875,1649934879439.2432,1649934879481.1306,ThreadPoolExecutor-55_0
113,42.884521484375,1649934879439.2432,1649934879482.1277,ThreadPoolExecutor-55_1
114,89.763671875,1649934879482.1277,1649934879571.8914,ThreadPoolExecutor-55_1
115,93.75,1649934879481.1306,1649934879574.8806,ThreadPoolExecutor-55_0
116,100.87255859375,1649934879574.8806,1649934879675.7532,ThreadPoolExecutor-55_0
117,103.86181640625,1649934879571.8914,1649934879675.7532,ThreadPoolExecutor-55_1
118,100.73095703125,1649934879675.7532,1649934879776.4841,ThreadPoolExecutor-55_0
119,108.70751953125,1649934879675.7532,1649934879784.4607,ThreadPoolExecutor-55_1
120,72.8037109375,1649934879776.4841,1649934879849.2878,ThreadPoolExecutor-55_0
121,86.76806640625,1649934879784.4607,1649934879871.2288,ThreadPoolExecutor-55_1
122,40.890380859375,1649934879849.2878,1649934879890.1782,ThreadPoolExecutor-55_0
123,82.783203125,1649934879871.2288,1649934879954.012,ThreadPoolExecutor-55_1
124,82.780517578125,1649934879890.1782,1649934879972.9587,ThreadPoolExecutor-55_0
125,104.718994140625,1649934879954.012,1649934880058.731,ThreadPoolExecutor-55_1
126,86.768798828125,1649934879972.9587,1649934880059.7275,ThreadPoolExecutor-55_0
127,105.71630859375,1649934880059.7275,1649934880165.4438,ThreadPoolExecutor-55_1
128,105.71630859375,1649934880059.7275,1649934880165.4438,ThreadPoolExecutor-55_0
129,96.739013671875,1649934880165.4438,1649934880262.1829,ThreadPoolExecutor-55_1
130,96.739013671875,1649934880165.4438,1649934880262.1829,ThreadPoolExecutor-55_0
131,99.734375,1649934880262.1829,1649934880361.9172,ThreadPoolExecutor-55_0
132,99.734375,1649934880262.1829,1649934880361.9172,ThreadPoolExecutor-55_1
133,96.74072265625,1649934880361.9172,1649934880458.658,ThreadPoolExecutor-55_0
134,96.74072265625,1649934880361.9172,1649934880458.658,ThreadPoolExecutor-55_1
135,41.88720703125,1649934880458.658,1649934880500.5452,ThreadPoolExecutor-55_0
136,40.889892578125,1649934880459.6553,1649934880500.5452,ThreadPoolExecutor-55_1
137,87.766357421875,1649934880500.5452,1649934880588.3115,ThreadPoolExecutor-55_1
138,87.766357421875,1649934880500.5452,1649934880588.3115,ThreadPoolExecutor-55_0
139,80.783935546875,1649934880588.3115,1649934880669.0955,ThreadPoolExecutor-55_0
140,80.783935546875,1649934880588.3115,1649934880669.0955,ThreadPoolExecutor-55_1
141,101.020751953125,1649934880669.0955,1649934880770.1162,ThreadPoolExecutor-55_0
142,101.020751953125,1649934880669.0955,1649934880770.1162,ThreadPoolExecutor-55_1
143,96.744384765625,1649934880770.1162,1649934880866.8606,ThreadPoolExecutor-55_0
144,96.744384765625,1649934880770.1162,1649934880866.8606,ThreadPoolExecutor-55_1
145,42.88525390625,1649934880866.8606,1649934880909.7458,ThreadPoolExecutor-55_0
146,42.88525390625,1649934880866.8606,1649934880909.7458,ThreadPoolExecutor-55_1
147,64.826171875,1649934880909.7458,1649934880974.572,ThreadPoolExecutor-55_0
148,64.826171875,1649934880909.7458,1649934880974.572,ThreadPoolExecutor-55_1
149,43.8828125,1649934880974.572,1649934881018.4548,ThreadPoolExecutor-55_0
150,43.8828125,1649934880974.572,1649934881018.4548,ThreadPoolExecutor-55_1
151,86.768310546875,1649934881018.4548,1649934881105.2231,ThreadPoolExecutor-55_0
152,86.768310546875,1649934881018.4548,1649934881105.2231,ThreadPoolExecutor-55_1
153,74.800048828125,1649934881105.2231,1649934881180.0232,ThreadPoolExecutor-55_1
154,74.800048828125,1649934881105.2231,1649934881180.0232,ThreadPoolExecutor-55_0
155,41.160400390625,1649934881180.0232,1649934881221.1836,ThreadPoolExecutor-55_0
156,41.160400390625,1649934881180.0232,1649934881221.1836,ThreadPoolExecutor-55_1
157,90.265869140625,1649934881221.1836,1649934881311.4495,ThreadPoolExecutor-55_1
158,93.258056640625,1649934881221.1836,1649934881314.4417,ThreadPoolExecutor-55_0
159,72.8046875,1649934881311.4495,1649934881384.2542,ThreadPoolExecutor-55_1
160,69.8125,1649934881314.4417,1649934881384.2542,ThreadPoolExecutor-55_0
161,43.8828125,1649934881384.2542,1649934881428.137,ThreadPoolExecutor-55_1
162,43.8828125,1649934881384.2542,1649934881428.137,ThreadPoolExecutor-55_0
163,85.770751953125,1649934881428.137,1649934881513.9077,ThreadPoolExecutor-55_0
164,88.762939453125,1649934881428.137,1649934881516.9,ThreadPoolExecutor-55_1
165,74.801025390625,1649934881513.9077,1649934881588.7087,ThreadPoolExecutor-55_0
166,74.80029296875,1649934881516.9,1649934881591.7002,ThreadPoolExecutor-55_1
167,33.90869140625,1649934881591.7002,1649934881625.609,ThreadPoolExecutor-55_1
168,102.724365234375,1649934881588.7087,1649934881691.433,ThreadPoolExecutor-55_0
169,65.82421875,1649934881625.609,1649934881691.433,ThreadPoolExecutor-55_1
170,102.72509765625,1649934881691.433,1649934881794.1582,ThreadPoolExecutor-55_1
171,102.72509765625,1649934881691.433,1649934881794.1582,ThreadPoolExecutor-55_0
172,42.88525390625,1649934881794.1582,1649934881837.0435,ThreadPoolExecutor-55_0
173,96.740966796875,1649934881794.1582,1649934881890.8992,ThreadPoolExecutor-55_1
174,80.7861328125,1649934881837.0435,1649934881917.8296,ThreadPoolExecutor-55_0
175,35.90478515625,1649934881890.8992,1649934881926.804,ThreadPoolExecutor-55_1
176,80.782470703125,1649934881917.8296,1649934881998.612,ThreadPoolExecutor-55_0
177,71.80810546875,1649934881926.804,1649934881998.612,ThreadPoolExecutor-55_1
178,40.89013671875,1649934881998.612,1649934882039.5022,ThreadPoolExecutor-55_1
179,42.885009765625,1649934881998.612,1649934882041.497,ThreadPoolExecutor-55_0
180,91.7548828125,1649934882039.5022,1649934882131.257,ThreadPoolExecutor-55_1
181,89.760009765625,1649934882041.497,1649934882131.257,ThreadPoolExecutor-55_0
182,72.80517578125,1649934882131.257,1649934882204.0623,ThreadPoolExecutor-55_0
183,72.80517578125,1649934882131.257,1649934882204.0623,ThreadPoolExecutor-55_1
184,44.880126953125,1649934882204.0623,1649934882248.9424,ThreadPoolExecutor-55_0
185,44.880126953125,1649934882204.0623,1649934882248.9424,ThreadPoolExecutor-55_1
186,84.77734375,1649934882248.9424,1649934882333.7197,ThreadPoolExecutor-55_0
187,86.7724609375,1649934882248.9424,1649934882335.7148,ThreadPoolExecutor-55_1
188,75.3291015625,1649934882333.7197,1649934882409.0488,ThreadPoolExecutor-55_0
189,73.333984375,1649934882335.7148,1649934882409.0488,ThreadPoolExecutor-55_1
190,34.90625,1649934882409.0488,1649934882443.955,ThreadPoolExecutor-55_0
191,41.8876953125,1649934882409.0488,1649934882450.9365,ThreadPoolExecutor-55_1
192,67.8193359375,1649934882443.955,1649934882511.7744,ThreadPoolExecutor-55_0
193,88.762939453125,1649934882450.9365,1649934882539.6995,ThreadPoolExecutor-55_1
194,37.899658203125,1649934882511.7744,1649934882549.674,ThreadPoolExecutor-55_0
195,73.802734375,1649934882539.6995,1649934882613.5022,ThreadPoolExecutor-55_1
196,83.7744140625,1649934882549.674,1649934882633.4485,ThreadPoolExecutor-55_0
197,36.901123046875,1649934882613.5022,1649934882650.4033,ThreadPoolExecutor-55_1
198,82.77783203125,1649934882633.4485,1649934882716.2263,ThreadPoolExecutor-55_0
199,65.822998046875,1649934882650.4033,1649934882716.2263,ThreadPoolExecutor-55_1
200,94.01318359375,1649934882716.2263,1649934882810.2395,ThreadPoolExecutor-55_1
201,94.01318359375,1649934882716.2263,1649934882810.2395,ThreadPoolExecutor-55_0
202,45.8779296875,1649934882810.2395,1649934882856.1174,ThreadPoolExecutor-55_1
203,45.8779296875,1649934882810.2395,1649934882856.1174,ThreadPoolExecutor-55_0
204,93.966796875,1649934882856.1174,1649934882950.0842,ThreadPoolExecutor-55_1
205,93.966796875,1649934882856.1174,1649934882950.0842,ThreadPoolExecutor-55_0
206,72.80517578125,1649934882950.0842,1649934883022.8894,ThreadPoolExecutor-55_1
207,72.80517578125,1649934882950.0842,1649934883022.8894,ThreadPoolExecutor-55_0
208,102.726318359375,1649934883022.8894,1649934883125.6157,ThreadPoolExecutor-55_0
209,103.72412109375,1649934883022.8894,1649934883126.6135,ThreadPoolExecutor-55_1
210,39.893798828125,1649934883126.6135,1649934883166.5073,ThreadPoolExecutor-55_0
211,39.893798828125,1649934883126.6135,1649934883166.5073,ThreadPoolExecutor-55_1
212,85.77197265625,1649934883166.5073,1649934883252.2793,ThreadPoolExecutor-55_0
213,85.77197265625,1649934883166.5073,1649934883252.2793,ThreadPoolExecutor-55_1
214,97.738037109375,1649934883252.2793,1649934883350.0173,ThreadPoolExecutor-55_1
215,98.735107421875,1649934883252.2793,1649934883351.0144,ThreadPoolExecutor-55_0
216,74.799560546875,1649934883351.0144,1649934883425.814,ThreadPoolExecutor-55_1
217,74.799560546875,1649934883351.0144,1649934883425.814,ThreadPoolExecutor-55_0
218,43.885009765625,1649934883426.81,1649934883470.695,ThreadPoolExecutor-55_0
219,44.881103515625,1649934883425.814,1649934883470.695,ThreadPoolExecutor-55_1
220,90.75830078125,1649934883470.695,1649934883561.4534,ThreadPoolExecutor-55_1
221,90.75830078125,1649934883470.695,1649934883561.4534,ThreadPoolExecutor-55_0
222,67.814697265625,1649934883561.4534,1649934883629.268,ThreadPoolExecutor-55_1
223,95.739501953125,1649934883561.4534,1649934883657.1929,ThreadPoolExecutor-55_0
224,31.91455078125,1649934883629.268,1649934883661.1826,ThreadPoolExecutor-55_1
225,75.7978515625,1649934883657.1929,1649934883732.9907,ThreadPoolExecutor-55_0
226,71.80810546875,1649934883661.1826,1649934883732.9907,ThreadPoolExecutor-55_1
227,38.9052734375,1649934883732.9907,1649934883771.896,ThreadPoolExecutor-55_0
228,38.9052734375,1649934883732.9907,1649934883771.896,ThreadPoolExecutor-55_1
229,92.746826171875,1649934883771.896,1649934883864.6428,ThreadPoolExecutor-55_0
230,95.742431640625,1649934883771.896,1649934883867.6384,ThreadPoolExecutor-55_1
231,72.31787109375,1649934883864.6428,1649934883936.9607,ThreadPoolExecutor-55_0
232,69.322265625,1649934883867.6384,1649934883936.9607,ThreadPoolExecutor-55_1
233,40.889892578125,1649934883936.9607,1649934883977.8506,ThreadPoolExecutor-55_0
234,41.88720703125,1649934883936.9607,1649934883978.848,ThreadPoolExecutor-55_1
235,60.83984375,1649934883977.8506,1649934884038.6904,ThreadPoolExecutor-55_0
236,59.842529296875,1649934883978.848,1649934884038.6904,ThreadPoolExecutor-55_1
237,36.90087890625,1649934884038.6904,1649934884075.5913,ThreadPoolExecutor-55_0
238,37.898681640625,1649934884038.6904,1649934884076.589,ThreadPoolExecutor-55_1
239,70.814208984375,1649934884076.589,1649934884147.4033,ThreadPoolExecutor-55_1
240,71.81201171875,1649934884075.5913,1649934884147.4033,ThreadPoolExecutor-55_0
241,41.886474609375,1649934884147.4033,1649934884189.2898,ThreadPoolExecutor-55_1
242,41.886474609375,1649934884147.4033,1649934884189.2898,ThreadPoolExecutor-55_0
243,86.768310546875,1649934884189.2898,1649934884276.058,ThreadPoolExecutor-55_0
244,86.768310546875,1649934884189.2898,1649934884276.058,ThreadPoolExecutor-55_1
245,69.879638671875,1649934884276.058,1649934884345.9377,ThreadPoolExecutor-55_0
246,69.879638671875,1649934884276.058,1649934884345.9377,ThreadPoolExecutor-55_1
247,34.908203125,1649934884345.9377,1649934884380.846,ThreadPoolExecutor-55_0
248,37.899658203125,1649934884345.9377,1649934884383.8374,ThreadPoolExecutor-55_1
249,66.228271484375,1649934884381.846,1649934884448.0742,ThreadPoolExecutor-55_0
250,65.23388671875,1649934884383.8374,1649934884449.0713,ThreadPoolExecutor-55_1
251,35.90576171875,1649934884449.0713,1649934884484.977,ThreadPoolExecutor-55_1
252,38.89697265625,1649934884449.0713,1649934884487.9683,ThreadPoolExecutor-55_0
253,66.33154296875,1649934884485.9744,1649934884552.306,ThreadPoolExecutor-55_1
254,64.337646484375,1649934884487.9683,1649934884552.306,ThreadPoolExecutor-55_0
255,36.89990234375,1649934884552.306,1649934884589.2058,ThreadPoolExecutor-55_1
256,36.89990234375,1649934884552.306,1649934884589.2058,ThreadPoolExecutor-55_0
257,63.942626953125,1649934884589.2058,1649934884653.1484,ThreadPoolExecutor-55_1
258,63.942626953125,1649934884589.2058,1649934884653.1484,ThreadPoolExecutor-55_0
259,38.900390625,1649934884653.1484,1649934884692.0488,ThreadPoolExecutor-55_0
260,38.900390625,1649934884653.1484,1649934884692.0488,ThreadPoolExecutor-55_1
261,100.997802734375,1649934884692.0488,1649934884793.0466,ThreadPoolExecutor-55_0
262,100.002197265625,1649934884693.0444,1649934884793.0466,ThreadPoolExecutor-55_1
263,64.826416015625,1649934884793.0466,1649934884857.873,ThreadPoolExecutor-55_0
264,64.826416015625,1649934884793.0466,1649934884857.873,ThreadPoolExecutor-55_1
265,35.905029296875,1649934884857.873,1649934884893.778,ThreadPoolExecutor-55_1
266,38.896728515625,1649934884857.873,1649934884896.7698,ThreadPoolExecutor-55_0
267,67.81689453125,1649934884893.778,1649934884961.595,ThreadPoolExecutor-55_1
268,64.8251953125,1649934884896.7698,1649934884961.595,ThreadPoolExecutor-55_0
269,38.899169921875,1649934884961.595,1649934885000.4941,ThreadPoolExecutor-55_0
270,38.899169921875,1649934884961.595,1649934885000.4941,ThreadPoolExecutor-55_1
271,89.757568359375,1649934885000.4941,1649934885090.2517,ThreadPoolExecutor-55_0
272,90.75537109375,1649934885001.4907,1649934885092.246,ThreadPoolExecutor-55_1
273,77.7978515625,1649934885090.2517,1649934885168.0496,ThreadPoolExecutor-55_0
274,75.803466796875,1649934885092.246,1649934885168.0496,ThreadPoolExecutor-55_1
275,46.871337890625,1649934885168.0496,1649934885214.921,ThreadPoolExecutor-55_0
276,46.871337890625,1649934885168.0496,1649934885214.921,ThreadPoolExecutor-55_1
277,82.775634765625,1649934885214.921,1649934885297.6965,ThreadPoolExecutor-55_1
278,87.76220703125,1649934885214.921,1649934885302.683,ThreadPoolExecutor-55_0
279,73.804443359375,1649934885297.6965,1649934885371.501,ThreadPoolExecutor-55_1
280,68.81787109375,1649934885302.683,1649934885371.501,ThreadPoolExecutor-55_0
281,42.887939453125,1649934885371.501,1649934885414.389,ThreadPoolExecutor-55_1
282,42.887939453125,1649934885371.501,1649934885414.389,ThreadPoolExecutor-55_0
283,89.7578125,1649934885415.3843,1649934885505.142,ThreadPoolExecutor-55_0
284,90.753173828125,1649934885414.389,1649934885505.142,ThreadPoolExecutor-55_1
285,70.81201171875,1649934885505.142,1649934885575.954,ThreadPoolExecutor-55_0
286,70.81201171875,1649934885505.142,1649934885575.954,ThreadPoolExecutor-55_1
287,44.88134765625,1649934885575.954,1649934885620.8354,ThreadPoolExecutor-55_1
288,44.88134765625,1649934885575.954,1649934885620.8354,ThreadPoolExecutor-55_0
289,88.76318359375,1649934885620.8354,1649934885709.5986,ThreadPoolExecutor-55_0
290,89.759521484375,1649934885620.8354,1649934885710.595,ThreadPoolExecutor-55_1
291,69.809814453125,1649934885709.5986,1649934885779.4084,ThreadPoolExecutor-55_0
292,68.8134765625,1649934885710.595,1649934885779.4084,ThreadPoolExecutor-55_1
293,38.817626953125,1649934885779.4084,1649934885818.226,ThreadPoolExecutor-55_1
294,38.817626953125,1649934885779.4084,1649934885818.226,ThreadPoolExecutor-55_0
295,63.828369140625,1649934885818.226,1649934885882.0544,ThreadPoolExecutor-55_1
296,63.828369140625,1649934885818.226,1649934885882.0544,ThreadPoolExecutor-55_0
297,40.89453125,1649934885882.0544,1649934885922.949,ThreadPoolExecutor-55_0
298,40.89453125,1649934885882.0544,1649934885922.949,ThreadPoolExecutor-55_1
299,90.75390625,1649934885922.949,1649934886013.703,ThreadPoolExecutor-55_1
300,94.39990234375,1649934885922.949,1649934886017.3489,ThreadPoolExecutor-55_0
301,72.430419921875,1649934886014.7002,1649934886087.1306,ThreadPoolExecutor-55_1
302,69.78173828125,1649934886017.3489,1649934886087.1306,ThreadPoolExecutor-55_0
303,36.15625,1649934886087.1306,1649934886123.2869,ThreadPoolExecutor-55_0
304,41.141845703125,1649934886087.1306,1649934886128.2725,ThreadPoolExecutor-55_1
305,65.823486328125,1649934886123.2869,1649934886189.1104,ThreadPoolExecutor-55_0
306,60.837890625,1649934886128.2725,1649934886189.1104,ThreadPoolExecutor-55_1
307,42.152587890625,1649934886189.1104,1649934886231.263,ThreadPoolExecutor-55_0
308,42.152587890625,1649934886189.1104,1649934886231.263,ThreadPoolExecutor-55_1
309,96.01806640625,1649934886231.263,1649934886327.281,ThreadPoolExecutor-55_1
310,96.01806640625,1649934886231.263,1649934886327.281,ThreadPoolExecutor-55_0
311,66.818603515625,1649934886327.281,1649934886394.0996,ThreadPoolExecutor-55_1
312,66.818603515625,1649934886327.281,1649934886394.0996,ThreadPoolExecutor-55_0
313,38.16650390625,1649934886394.0996,1649934886432.266,ThreadPoolExecutor-55_1
314,39.161865234375,1649934886394.0996,1649934886433.2615,ThreadPoolExecutor-55_0
315,66.8193359375,1649934886433.2615,1649934886500.0808,ThreadPoolExecutor-55_1
316,66.8193359375,1649934886433.2615,1649934886500.0808,ThreadPoolExecutor-55_0
317,35.90625,1649934886500.0808,1649934886535.987,ThreadPoolExecutor-55_0
318,36.905029296875,1649934886500.0808,1649934886536.9858,ThreadPoolExecutor-55_1
319,88.7607421875,1649934886536.9858,1649934886625.7466,ThreadPoolExecutor-55_1
320,91.75439453125,1649934886535.987,1649934886627.7415,ThreadPoolExecutor-55_0
321,74.803466796875,1649934886627.7415,1649934886702.545,ThreadPoolExecutor-55_0
322,76.79833984375,1649934886625.7466,1649934886702.545,ThreadPoolExecutor-55_1
323,42.88037109375,1649934886702.545,1649934886745.4253,ThreadPoolExecutor-55_1
324,42.88037109375,1649934886702.545,1649934886745.4253,ThreadPoolExecutor-55_0
325,83.780517578125,1649934886745.4253,1649934886829.2058,ThreadPoolExecutor-55_1
326,84.772705078125,1649934886745.4253,1649934886830.198,ThreadPoolExecutor-55_0
327,82.77734375,1649934886829.2058,1649934886911.9832,ThreadPoolExecutor-55_1
328,81.78515625,1649934886830.198,1649934886911.9832,ThreadPoolExecutor-55_0
329,42.884033203125,1649934886911.9832,1649934886954.8672,ThreadPoolExecutor-55_0
330,46.872802734375,1649934886911.9832,1649934886958.856,ThreadPoolExecutor-55_1
331,81.779296875,1649934886958.856,1649934887040.6353,ThreadPoolExecutor-55_1
332,87.762939453125,1649934886954.8672,1649934887042.6301,ThreadPoolExecutor-55_0
333,69.8134765625,1649934887040.6353,1649934887110.4487,ThreadPoolExecutor-55_1
334,67.818603515625,1649934887042.6301,1649934887110.4487,ThreadPoolExecutor-55_0
335,34.906982421875,1649934887110.4487,1649934887145.3557,ThreadPoolExecutor-55_1
336,36.901611328125,1649934887110.4487,1649934887147.3503,ThreadPoolExecutor-55_0
337,65.823974609375,1649934887147.3503,1649934887213.1743,ThreadPoolExecutor-55_0
338,67.818603515625,1649934887145.3557,1649934887213.1743,ThreadPoolExecutor-55_1
339,32.91552734375,1649934887213.1743,1649934887246.0898,ThreadPoolExecutor-55_1
340,35.90380859375,1649934887213.1743,1649934887249.0781,ThreadPoolExecutor-55_0
341,68.81689453125,1649934887247.0835,1649934887315.9004,ThreadPoolExecutor-55_1
342,66.822265625,1649934887249.0781,1649934887315.9004,ThreadPoolExecutor-55_0
343,44.881591796875,1649934887315.9004,1649934887360.782,ThreadPoolExecutor-55_0
344,44.881591796875,1649934887315.9004,1649934887360.782,ThreadPoolExecutor-55_1
345,92.750732421875,1649934887360.782,1649934887453.5327,ThreadPoolExecutor-55_0
346,91.754638671875,1649934887361.778,1649934887453.5327,ThreadPoolExecutor-55_1
347,67.818603515625,1649934887453.5327,1649934887521.3513,ThreadPoolExecutor-55_1
348,67.818603515625,1649934887453.5327,1649934887521.3513,ThreadPoolExecutor-55_0
349,39.478759765625,1649934887521.3513,1649934887560.83,ThreadPoolExecutor-55_1
350,40.47607421875,1649934887521.3513,1649934887561.8274,ThreadPoolExecutor-55_0
351,63.8330078125,1649934887560.83,1649934887624.663,ThreadPoolExecutor-55_1
352,62.835693359375,1649934887561.8274,1649934887624.663,ThreadPoolExecutor-55_0
353,44.877197265625,1649934887624.663,1649934887669.5403,ThreadPoolExecutor-55_0
354,46.871826171875,1649934887624.663,1649934887671.535,ThreadPoolExecutor-55_1
355,89.76220703125,1649934887669.5403,1649934887759.3025,ThreadPoolExecutor-55_0
356,86.77099609375,1649934887672.5315,1649934887759.3025,ThreadPoolExecutor-55_1
357,68.4033203125,1649934887759.3025,1649934887827.7058,ThreadPoolExecutor-55_0
358,67.409423828125,1649934887760.2964,1649934887827.7058,ThreadPoolExecutor-55_1
359,37.893798828125,1649934887827.7058,1649934887865.5996,ThreadPoolExecutor-55_1
360,38.891357421875,1649934887827.7058,1649934887866.5972,ThreadPoolExecutor-55_0
361,93.58447265625,1649934887867.598,1649934887961.1824,ThreadPoolExecutor-55_0
362,97.577392578125,1649934887865.5996,1649934887963.177,ThreadPoolExecutor-55_1
363,72.807861328125,1649934887961.1824,1649934888033.9902,ThreadPoolExecutor-55_0
364,70.813232421875,1649934887963.177,1649934888033.9902,ThreadPoolExecutor-55_1
365,46.87548828125,1649934888033.9902,1649934888080.8657,ThreadPoolExecutor-55_0
366,46.87548828125,1649934888033.9902,1649934888080.8657,ThreadPoolExecutor-55_1
367,85.767578125,1649934888080.8657,1649934888166.6333,ThreadPoolExecutor-55_0
368,85.767578125,1649934888080.8657,1649934888166.6333,ThreadPoolExecutor-55_1
369,70.810791015625,1649934888166.6333,1649934888237.444,ThreadPoolExecutor-55_1
370,70.810791015625,1649934888166.6333,1649934888237.444,ThreadPoolExecutor-55_0
371,34.906982421875,1649934888237.444,1649934888272.351,ThreadPoolExecutor-55_1
372,36.9013671875,1649934888237.444,1649934888274.3455,ThreadPoolExecutor-55_0
373,67.818603515625,1649934888272.351,1649934888340.1697,ThreadPoolExecutor-55_1
374,65.82421875,1649934888274.3455,1649934888340.1697,ThreadPoolExecutor-55_0
375,37.89794921875,1649934888340.1697,1649934888378.0676,ThreadPoolExecutor-55_0
376,39.892333984375,1649934888340.1697,1649934888380.062,ThreadPoolExecutor-55_1
377,91.758056640625,1649934888378.0676,1649934888469.8257,ThreadPoolExecutor-55_0
378,91.757080078125,1649934888380.062,1649934888471.819,ThreadPoolExecutor-55_1
379,74.799072265625,1649934888471.819,1649934888546.6182,ThreadPoolExecutor-55_1
380,76.79248046875,1649934888469.8257,1649934888546.6182,ThreadPoolExecutor-55_0
381,38.895751953125,1649934888546.6182,1649934888585.514,ThreadPoolExecutor-55_0
382,39.893310546875,1649934888546.6182,1649934888586.5115,ThreadPoolExecutor-55_1
383,60.837158203125,1649934888586.5115,1649934888647.3486,ThreadPoolExecutor-55_1
384,61.834716796875,1649934888585.514,1649934888647.3486,ThreadPoolExecutor-55_0
385,40.889404296875,1649934888647.3486,1649934888688.238,ThreadPoolExecutor-55_0
386,42.884033203125,1649934888647.3486,1649934888690.2327,ThreadPoolExecutor-55_1
387,60.837646484375,1649934888688.238,1649934888749.0757,ThreadPoolExecutor-55_0
388,58.843017578125,1649934888690.2327,1649934888749.0757,ThreadPoolExecutor-55_1
389,37.8984375,1649934888749.0757,1649934888786.974,ThreadPoolExecutor-55_1
390,37.8984375,1649934888749.0757,1649934888786.974,ThreadPoolExecutor-55_0
391,64.8271484375,1649934888786.974,1649934888851.8013,ThreadPoolExecutor-55_0
392,64.8271484375,1649934888786.974,1649934888851.8013,ThreadPoolExecutor-55_1
393,36.90283203125,1649934888851.8013,1649934888888.704,ThreadPoolExecutor-55_0
394,36.90283203125,1649934888851.8013,1649934888888.704,ThreadPoolExecutor-55_1
395,68.330322265625,1649934888888.704,1649934888957.0344,ThreadPoolExecutor-55_0
396,68.330322265625,1649934888888.704,1649934888957.0344,ThreadPoolExecutor-55_1
397,45.878662109375,1649934888957.0344,1649934889002.913,ThreadPoolExecutor-55_1
398,45.878662109375,1649934888957.0344,1649934889002.913,ThreadPoolExecutor-55_0
399,85.768798828125,1649934889002.913,1649934889088.682,ThreadPoolExecutor-55_1
400,87.765869140625,1649934889003.9087,1649934889091.6746,ThreadPoolExecutor-55_0
401,69.81591796875,1649934889088.682,1649934889158.4978,ThreadPoolExecutor-55_1
402,65.82568359375,1649934889092.672,1649934889158.4978,ThreadPoolExecutor-55_0
403,39.89599609375,1649934889159.4949,1649934889199.3909,ThreadPoolExecutor-55_0
404,40.89306640625,1649934889158.4978,1649934889199.3909,ThreadPoolExecutor-55_1
405,90.754150390625,1649934889199.3909,1649934889290.145,ThreadPoolExecutor-55_0
406,92.748779296875,1649934889199.3909,1649934889292.1396,ThreadPoolExecutor-55_1
407,73.5126953125,1649934889290.145,1649934889363.6577,ThreadPoolExecutor-55_0
408,71.51806640625,1649934889292.1396,1649934889363.6577,ThreadPoolExecutor-55_1
409,36.902587890625,1649934889363.6577,1649934889400.5603,ThreadPoolExecutor-55_1
410,36.902587890625,1649934889363.6577,1649934889400.5603,ThreadPoolExecutor-55_0
411,65.635009765625,1649934889400.5603,1649934889466.1953,ThreadPoolExecutor-55_1
412,65.635009765625,1649934889400.5603,1649934889466.1953,ThreadPoolExecutor-55_0
413,37.89892578125,1649934889466.1953,1649934889504.0942,ThreadPoolExecutor-55_0
414,37.89892578125,1649934889466.1953,1649934889504.0942,ThreadPoolExecutor-55_1
415,66.82373046875,1649934889504.0942,1649934889570.918,ThreadPoolExecutor-55_0
416,66.82373046875,1649934889504.0942,1649934889570.918,ThreadPoolExecutor-55_1
417,43.8798828125,1649934889570.918,1649934889614.7979,ThreadPoolExecutor-55_1
418,43.8798828125,1649934889570.918,1649934889614.7979,ThreadPoolExecutor-55_0
419,87.76708984375,1649934889614.7979,1649934889702.565,ThreadPoolExecutor-55_1
420,88.76416015625,1649934889614.7979,1649934889703.562,ThreadPoolExecutor-55_0
421,69.812255859375,1649934889703.562,1649934889773.3743,ThreadPoolExecutor-55_0
422,70.809326171875,1649934889702.565,1649934889773.3743,ThreadPoolExecutor-55_1
423,35.90380859375,1649934889773.3743,1649934889809.278,ThreadPoolExecutor-55_0
424,37.898193359375,1649934889773.3743,1649934889811.2725,ThreadPoolExecutor-55_1
425,65.8271484375,1649934889809.278,1649934889875.1052,ThreadPoolExecutor-55_0
426,64.8271484375,1649934889811.2725,1649934889876.0996,ThreadPoolExecutor-55_1
427,40.891357421875,1649934889876.0996,1649934889916.991,ThreadPoolExecutor-55_0
428,40.891357421875,1649934889876.0996,1649934889916.991,ThreadPoolExecutor-55_1
429,62.832763671875,1649934889916.991,1649934889979.8237,ThreadPoolExecutor-55_0
430,62.832763671875,1649934889916.991,1649934889979.8237,ThreadPoolExecutor-55_1
431,42.888427734375,1649934889979.8237,1649934890022.7122,ThreadPoolExecutor-55_0
432,42.888427734375,1649934889979.8237,1649934890022.7122,ThreadPoolExecutor-55_1
433,92.75,1649934890022.7122,1649934890115.4622,ThreadPoolExecutor-55_1
434,92.75,1649934890022.7122,1649934890115.4622,ThreadPoolExecutor-55_0
435,67.81591796875,1649934890115.4622,1649934890183.278,ThreadPoolExecutor-55_1
436,67.81591796875,1649934890115.4622,1649934890183.278,ThreadPoolExecutor-55_0
437,43.8828125,1649934890183.278,1649934890227.161,ThreadPoolExecutor-55_1
438,43.8828125,1649934890183.278,1649934890227.161,ThreadPoolExecutor-55_0
439,59.843505859375,1649934890227.161,1649934890287.0044,ThreadPoolExecutor-55_1
440,59.843505859375,1649934890227.161,1649934890287.0044,ThreadPoolExecutor-55_0
441,42.885498046875,1649934890287.0044,1649934890329.89,ThreadPoolExecutor-55_1
442,43.8818359375,1649934890287.0044,1649934890330.8862,ThreadPoolExecutor-55_0
443,89.758056640625,1649934890330.8862,1649934890420.6443,ThreadPoolExecutor-55_1
444,89.758056640625,1649934890330.8862,1649934890420.6443,ThreadPoolExecutor-55_0
445,72.324951171875,1649934890420.6443,1649934890492.9692,ThreadPoolExecutor-55_1
446,72.324951171875,1649934890420.6443,1649934890492.9692,ThreadPoolExecutor-55_0
447,42.882568359375,1649934890492.9692,1649934890535.8518,ThreadPoolExecutor-55_1
448,42.882568359375,1649934890492.9692,1649934890535.8518,ThreadPoolExecutor-55_0
449,83.782470703125,1649934890535.8518,1649934890619.6343,ThreadPoolExecutor-55_1
450,85.77734375,1649934890535.8518,1649934890621.6292,ThreadPoolExecutor-55_0
451,75.46435546875,1649934890619.6343,1649934890695.0986,ThreadPoolExecutor-55_1
452,72.472412109375,1649934890622.6262,1649934890695.0986,ThreadPoolExecutor-55_0
453,38.897705078125,1649934890695.0986,1649934890733.9963,ThreadPoolExecutor-55_1
454,39.895263671875,1649934890695.0986,1649934890734.994,ThreadPoolExecutor-55_0
455,91.75439453125,1649934890734.994,1649934890826.7483,ThreadPoolExecutor-55_1
456,96.73974609375,1649934890734.994,1649934890831.7336,ThreadPoolExecutor-55_0
457,73.46484375,1649934890826.7483,1649934890900.2131,ThreadPoolExecutor-55_1
458,68.4794921875,1649934890831.7336,1649934890900.2131,ThreadPoolExecutor-55_0
459,33.909423828125,1649934890900.2131,1649934890934.1226,ThreadPoolExecutor-55_1
460,35.9033203125,1649934890900.2131,1649934890936.1165,ThreadPoolExecutor-55_0
461,67.385009765625,1649934890934.1226,1649934891001.5076,ThreadPoolExecutor-55_1
462,65.39111328125,1649934890936.1165,1649934891001.5076,ThreadPoolExecutor-55_0
463,34.90625,1649934891001.5076,1649934891036.4138,ThreadPoolExecutor-55_1
464,34.905517578125,1649934891002.5051,1649934891037.4106,ThreadPoolExecutor-55_0
465,67.7216796875,1649934891036.4138,1649934891104.1355,ThreadPoolExecutor-55_1
466,66.724853515625,1649934891037.4106,1649934891104.1355,ThreadPoolExecutor-55_0
467,34.90673828125,1649934891104.1355,1649934891139.0422,ThreadPoolExecutor-55_1
468,37.898681640625,1649934891104.1355,1649934891142.0342,ThreadPoolExecutor-55_0
469,66.076171875,1649934891142.0342,1649934891208.1104,ThreadPoolExecutor-55_0
470,69.068115234375,1649934891139.0422,1649934891208.1104,ThreadPoolExecutor-55_1
471,36.9013671875,1649934891208.1104,1649934891245.0117,ThreadPoolExecutor-55_0
472,36.9013671875,1649934891208.1104,1649934891245.0117,ThreadPoolExecutor-55_1
473,63.82958984375,1649934891245.0117,1649934891308.8413,ThreadPoolExecutor-55_1
474,63.82958984375,1649934891245.0117,1649934891308.8413,ThreadPoolExecutor-55_0
475,35.90380859375,1649934891308.8413,1649934891344.745,ThreadPoolExecutor-55_0
476,35.90380859375,1649934891308.8413,1649934891344.745,ThreadPoolExecutor-55_1
477,66.82080078125,1649934891344.745,1649934891411.566,ThreadPoolExecutor-55_0
478,66.82080078125,1649934891344.745,1649934891411.566,ThreadPoolExecutor-55_1
479,38.900634765625,1649934891412.5635,1649934891451.464,ThreadPoolExecutor-55_1
480,39.898193359375,1649934891411.566,1649934891451.464,ThreadPoolExecutor-55_0
481,87.760986328125,1649934891451.464,1649934891539.225,ThreadPoolExecutor-55_1
482,90.753173828125,1649934891451.464,1649934891542.2173,ThreadPoolExecutor-55_0
483,79.790771484375,1649934891539.225,1649934891619.0159,ThreadPoolExecutor-55_1
484,77.792724609375,1649934891542.2173,1649934891620.01,ThreadPoolExecutor-55_0
485,41.88671875,1649934891619.0159,1649934891660.9026,ThreadPoolExecutor-55_1
486,41.887939453125,1649934891620.01,1649934891661.898,ThreadPoolExecutor-55_0
487,89.759033203125,1649934891661.898,1649934891751.657,ThreadPoolExecutor-55_1
488,89.759033203125,1649934891661.898,1649934891751.657,ThreadPoolExecutor-55_0
489,69.813232421875,1649934891751.657,1649934891821.4702,ThreadPoolExecutor-55_1
490,69.813232421875,1649934891751.657,1649934891821.4702,ThreadPoolExecutor-55_0
491,35.907470703125,1649934891821.4702,1649934891857.3777,ThreadPoolExecutor-55_1
492,39.89599609375,1649934891821.4702,1649934891861.3662,ThreadPoolExecutor-55_0
493,65.82373046875,1649934891857.3777,1649934891923.2014,ThreadPoolExecutor-55_1
494,61.835205078125,1649934891861.3662,1649934891923.2014,ThreadPoolExecutor-55_0
495,34.903564453125,1649934891923.2014,1649934891958.105,ThreadPoolExecutor-55_1
496,36.899169921875,1649934891923.2014,1649934891960.1006,ThreadPoolExecutor-55_0
497,67.8203125,1649934891959.102,1649934892026.9224,ThreadPoolExecutor-55_1
498,66.82177734375,1649934891960.1006,1649934892026.9224,ThreadPoolExecutor-55_0
499,35.903564453125,1649934892026.9224,1649934892062.826,ThreadPoolExecutor-55_1
